[
  {
    "bodyPart": "waist",
    "equipment": "body weight",
    "gifUrl": "https://v2.exercisedb.io/image/RBXjmXZztGMsrs",
    "id": "0001",
    "name": "3/4 sit-up",
    "target": "abs",
    "secondaryMuscles": [
      "hip flexors",
      "lower back"
    ],
    "instructions": [
      "Lie flat on your back with your knees bent and feet flat on the ground.",
      "Place your hands behind your head with your elbows pointing outwards.",
      "Engaging your abs, slowly lift your upper body off the ground, curling forward until your torso is at a 45-degree angle.",
      "Pause for a moment at the top, then slowly lower your upper body back down to the starting position.",
      "Repeat for the desired number of repetitions."
    ],
    "description": "The 3/4 sit-up is an abdominal exercise performed with body weight. It involves curling the torso up to a 45-degree angle, engaging the abs, hip flexors, and lower back. This movement is commonly used to build core strength and stability.",
    "difficulty": "beginner",
    "category": "strength"
  },
  {
    "bodyPart": "waist",
    "equipment": "body weight",
    "gifUrl": "https://v2.exercisedb.io/image/PQ84yhJwyM2ToS",
    "id": "0002",
    "name": "45° side bend",
    "target": "abs",
    "secondaryMuscles": [
      "obliques"
    ],
    "instructions": [
      "Stand with your feet shoulder-width apart and your arms extended straight down by your sides.",
      "Keeping your back straight and your core engaged, slowly bend your torso to one side, lowering your hand towards your knee.",
      "Pause for a moment at the bottom, then slowly return to the starting position.",
      "Repeat on the other side.",
      "Continue alternating sides for the desired number of repetitions."
    ],
    "description": "The 45° side bend is a bodyweight exercise targeting the abdominal muscles, particularly the obliques. It involves bending the torso to the side while standing, engaging the core for stability and control.",
    "difficulty": "beginner",
    "category": "strength"
  },
  {
    "bodyPart": "waist",
    "equipment": "body weight",
    "gifUrl": "https://v2.exercisedb.io/image/vmd93BxpjkGRfJ",
    "id": "0003",
    "name": "air bike",
    "target": "abs",
    "secondaryMuscles": [
      "hip flexors"
    ],
    "instructions": [
      "Lie flat on your back with your hands placed behind your head.",
      "Lift your legs off the ground and bend your knees at a 90-degree angle.",
      "Bring your right elbow towards your left knee while simultaneously straightening your right leg.",
      "Return to the starting position and repeat the movement on the opposite side, bringing your left elbow towards your right knee while straightening your left leg.",
      "Continue alternating sides in a pedaling motion for the desired number of repetitions."
    ],
    "description": "The air bike is a bodyweight exercise targeting the abdominal muscles and hip flexors. It involves a pedaling motion while lying on your back, alternating elbow-to-knee contact to engage the core.",
    "difficulty": "beginner",
    "category": "strength"
  },
  {
    "bodyPart": "waist",
    "equipment": "body weight",
    "gifUrl": "https://v2.exercisedb.io/image/f-E9LK1PXOeaYN",
    "id": "0006",
    "name": "alternate heel touchers",
    "target": "abs",
    "secondaryMuscles": [
      "obliques"
    ],
    "instructions": [
      "Lie flat on your back with your knees bent and feet flat on the ground.",
      "Extend your arms straight out to the sides, parallel to the ground.",
      "Engaging your abs, lift your shoulders off the ground and reach your right hand towards your right heel.",
      "Return to the starting position and repeat on the left side, reaching your left hand towards your left heel.",
      "Continue alternating sides for the desired number of repetitions."
    ],
    "description": "Alternate heel touchers is a bodyweight exercise targeting the abdominal muscles, particularly the obliques. It involves lying on your back, lifting your shoulders, and reaching side to side to touch your heels, engaging your core throughout.",
    "difficulty": "beginner",
    "category": "strength"
  },
  {
    "bodyPart": "waist",
    "equipment": "assisted",
    "gifUrl": "https://v2.exercisedb.io/image/eCHv4KwGTRrqb6",
    "id": "0010",
    "name": "assisted hanging knee raise with throw down",
    "target": "abs",
    "secondaryMuscles": [
      "hip flexors",
      "lower back"
    ],
    "instructions": [
      "Hang from a pull-up bar with your arms fully extended and your palms facing away from you.",
      "Engage your core and lift your knees towards your chest, keeping your legs together.",
      "Once your knees are at chest level, explosively throw your legs down towards the ground, extending them fully.",
      "Allow your legs to swing back up and repeat the movement for the desired number of repetitions."
    ],
    "description": "The assisted hanging knee raise with throw down is an advanced core exercise that targets the abdominal muscles, with additional engagement of the hip flexors and lower back. The movement involves hanging from a pull-up bar, raising the knees to the chest, and then explosively throwing the legs downward, requiring significant core strength, coordination, and control.",
    "difficulty": "advanced",
    "category": "strength"
  },
  {
    "bodyPart": "waist",
    "equipment": "assisted",
    "gifUrl": "https://v2.exercisedb.io/image/LePPR3IOjMppNa",
    "id": "0011",
    "name": "assisted hanging knee raise",
    "target": "abs",
    "secondaryMuscles": [
      "hip flexors"
    ],
    "instructions": [
      "Hang from a pull-up bar with your arms fully extended and your palms facing away from you.",
      "Engage your core muscles and lift your knees towards your chest, bending at the hips and knees.",
      "Pause for a moment at the top of the movement, squeezing your abs.",
      "Slowly lower your legs back down to the starting position.",
      "Repeat for the desired number of repetitions."
    ],
    "description": "The assisted hanging knee raise is an abdominal exercise performed while hanging from a pull-up bar, using assistance to help lift the knees toward the chest. It primarily targets the abs and also works the hip flexors.",
    "difficulty": "beginner",
    "category": "strength"
  },
  {
    "bodyPart": "waist",
    "equipment": "assisted",
    "gifUrl": "https://v2.exercisedb.io/image/BYG8O-EfxD7SC1",
    "id": "0012",
    "name": "assisted lying leg raise with lateral throw down",
    "target": "abs",
    "secondaryMuscles": [
      "hip flexors",
      "obliques"
    ],
    "instructions": [
      "Lie flat on your back with your legs extended and your arms by your sides.",
      "Place your hands under your glutes for support.",
      "Engage your abs and lift your legs off the ground, keeping them straight.",
      "While keeping your legs together, lower them to one side until they are a few inches above the ground.",
      "Pause for a moment, then lift your legs back to the starting position.",
      "Repeat the movement to the other side.",
      "Continue alternating sides for the desired number of repetitions."
    ],
    "description": "The assisted lying leg raise with lateral throw down is an abdominal exercise that targets the abs while also engaging the hip flexors and obliques. The movement involves lifting the legs while lying on your back, then lowering them to each side in a controlled manner, which challenges core stability and strength.",
    "difficulty": "intermediate",
    "category": "strength"
  },
  {
    "bodyPart": "waist",
    "equipment": "assisted",
    "gifUrl": "https://v2.exercisedb.io/image/Q7GMWsXarTcPDv",
    "id": "0013",
    "name": "assisted lying leg raise with throw down",
    "target": "abs",
    "secondaryMuscles": [
      "hip flexors",
      "quadriceps"
    ],
    "instructions": [
      "Lie flat on your back with your legs extended and your arms by your sides.",
      "Place your hands under your glutes for support.",
      "Engage your core and lift your legs off the ground, keeping them straight.",
      "Raise your legs until they are perpendicular to the ground.",
      "Lower your legs back down to the starting position.",
      "Simultaneously, throw your legs down towards the ground, keeping them straight.",
      "Raise your legs back up to the starting position.",
      "Repeat for the desired number of repetitions."
    ],
    "description": "The assisted lying leg raise with throw down is an abdominal exercise that targets the abs while also engaging the hip flexors and quadriceps. The movement involves raising the legs while lying on your back, then forcefully lowering them (throwing them down) and raising them again, often with a partner providing resistance or assistance.",
    "difficulty": "intermediate",
    "category": "strength"
  },
  {
    "bodyPart": "waist",
    "equipment": "medicine ball",
    "gifUrl": "https://v2.exercisedb.io/image/X7LURH0-kFsksl",
    "id": "0014",
    "name": "assisted motion russian twist",
    "target": "abs",
    "secondaryMuscles": [
      "obliques",
      "lower back"
    ],
    "instructions": [
      "Sit on the ground with your knees bent and feet flat on the floor.",
      "Hold the medicine ball with both hands in front of your chest.",
      "Lean back slightly, engaging your abs and keeping your back straight.",
      "Slowly twist your torso to the right, bringing the medicine ball towards the right side of your body.",
      "Pause for a moment, then twist your torso to the left, bringing the medicine ball towards the left side of your body.",
      "Continue alternating sides for the desired number of repetitions."
    ],
    "description": "The assisted motion Russian twist is a core exercise performed with a medicine ball. It targets the abdominal muscles and also engages the obliques and lower back. The movement involves twisting the torso from side to side while holding a medicine ball, which adds resistance and helps build core strength and stability.",
    "difficulty": "beginner",
    "category": "strength"
  },
  {
    "bodyPart": "waist",
    "equipment": "barbell",
    "gifUrl": "https://v2.exercisedb.io/image/adsdBJR2dUAYTD",
    "id": "0071",
    "name": "barbell press sit-up",
    "target": "abs",
    "secondaryMuscles": [
      "shoulders",
      "chest"
    ],
    "instructions": [
      "Lie flat on your back on a mat with your knees bent and feet flat on the ground.",
      "Hold the barbell with an overhand grip, resting it on your chest.",
      "Engaging your abs, slowly lift your upper body off the ground, curling forward until your torso is at a 45-degree angle.",
      "Pause for a moment at the top, then slowly lower your upper body back down to the starting position.",
      "Repeat for the desired number of repetitions."
    ],
    "description": "The barbell press sit-up is an advanced abdominal exercise that combines a traditional sit-up with a barbell press, engaging the abs, shoulders, and chest. It requires significant core strength, coordination, and balance to safely press the barbell while performing the sit-up motion.",
    "difficulty": "advanced",
    "category": "strength"
  }
]